id,name_prompt,prompt,keywords
fc9d169e-cb37-4a6f-ac74-0e373f6369cc,Certificado de tareas,"Redacta un resumen muy escueto con la fecha de creación de este informe, poniendo siempre al principio de dicho resumen la siguiente frase “Informe de fecha” seguido de la fecha del informe, seguido del lugar de asistencia médica o el lugar donde se creó el informe, el servicio médico donde se atiende al paciente y terminando estas indicaciones con dos puntos y seguidos. A continuación redacta un resumen muy escueto con los datos de la empresa y de su representante y los datos del trabajador, y otro resumen muy escueto de la descripción de las tareas realizadas (escribirlo sin poner apartados ni puntos aparte pero remarcando los diferentes apartados, escribirlo con vocabulario y tecnicismo médico. No poner la edad del paciente o de la persona a la que se refiere el informe. Referirse al paciente o a la persona a la que se refiere el informe con la abreviatura Sr. o Sra. delante de su apellido si aparece)","Certificado,tareas,trabajo,incapacidad"
d3d79a5a-fb98-4da9-94a1-152029116d88,Informe de Resultados de Pruebas de Imagen,"Haz una redacción, sin apartados, poniendo siempre al principio de dicho resumen la siguiente frase “Informe de fecha” seguido de la fecha del informe, el motivo de derivación, los datos de la cita solicitada y el informe de derivación absolutamente resumido sin escribir los problemas clínicos del usuario (sin el CIE9) pero si resumiendo al máximo la redacción que viene a continuación del informe, sin alergias ni contraindicaciones, sin traslado en ambulancia y sin mediación activa del usuario. 
Ponerlo con puntos aparte y en orden cronológico
","Informe,pruebas,complementarias,diagnostico"
0000682c-0d2b-480c-af3e-f8a90d7cc550,Informe Resonancia Magnética  Informes Radiológicos,"Haz una redacción, sin apartados, poniendo siempre al principio de dicho resumen la siguiente frase “Informe de fecha” seguido de la fecha del informe, el motivo de derivación, los datos de la cita solicitada, la información clínica y las conclusiones absolutamente resumido. No poner el nombre del médico que lo manda ni la información personal del paciente
Ponerlo con puntos aparte y en orden cronológico. 
Hazlo lo más escueto posible o resúmelo al máximo

","Informe,pruebas,complementarias,diagnostico"
697c95ba-4f3b-49d3-8ad3-60c5b0786239,Hoja de anamnesis,"Diferenciando y separando cada informe redacta una redacción que sea lo más resumida posible de cada apartado que haya en cada informe con la fecha de creación de este informe, poniendo siempre al principio de dicho resumen la siguiente frase “Informe de fecha”, seguido del lugar de asistencia médica o el lugar donde se creó el informe, el servicio médico donde se atiende al paciente y terminando estas indicaciones con dos puntos y seguidos. A continuación redacta un resumen muy sintetizado con los motivo de consulta, antecedentes familiares y personales, enfermedad actual, exploración, pruebas complementarias absolutamente resumidas, juicio clínico y plan de actuación, tratamiento y otras recomendaciones (si no aparece alguno de estos datos no escribirlos). Relacionando los párrafos entre ellos y separándolos con puntos y seguidos (escribirlo con vocabulario y tecnicismo médico. No poner la edad del paciente o de la persona a la que se refiere el informe. Referirse al paciente o a la persona a la que se refiere el informe con la abreviatura Sr. o Sra. delante de su apellido si aparece). 
Escríbelo con el siguiente formato:
1.	17/04/2019 - Hospital Universitario Virgen Macarena (Sevilla)
","Hoja,anamnesis,consulta,especialista,valoración"
322c1143-9dc7-40f0-81b4-3deb2c85d95e,Tratamiento Hoja Informativa de Prescripciones,"Haz una redacción, sin apartados, poniendo siempre al principio de dicho resumen la siguiente frase “Informe de fecha” seguido de la fecha del informe y un resumen de las prescripciones.
Hazlo lo más escueto posible o resúmelo al máximo


","Informe,prescripciones,medicamentos"
fb145d2a-7754-4df1-9dfb-cc0d252df73b,Informe Consulta Evolución,"Diferenciando y separando cada informe redacta una redacción que sea lo más resumida posible de cada apartado que haya en cada informe con la fecha de creación de este informe según orden cronológico, poniendo siempre al principio de dicho resumen la siguiente frase “Informe de fecha”, seguido del lugar de asistencia médica o el lugar donde se creó el informe, el servicio médico donde se atiende al paciente y terminando estas indicaciones con dos puntos y seguidos. 
A continuación redacta un resumen muy sintetizado con los motivo de consulta, antecedentes familiares y personales, enfermedad actual, exploración, anamnesis, pruebas complementarias absolutamente resumidas, juicio clínico y plan de actuación o recomendaciones terapéuticas y revisión  (si no aparece alguno de estos datos no escribirlos). 
Relacionando los párrafos entre ellos y separándolos con puntos y seguidos (escribirlo con vocabulario y tecnicismo médico. No poner la edad del paciente o de la persona a la que se refiere el informe. Referirse al paciente o a la persona a la que se refiere el informe con la abreviatura Sr. o Sra. delante de su apellido si aparece). 
Escríbelo con el siguiente formato:
1.	17/04/2019 - Hospital Universitario Virgen Macarena (Sevilla): 
Hazlo lo más escueto posible o resúmelo al máximo



","Informe,consulta,revisión,patología,evolución"
d988900f-530b-4cee-85e9-8c679f1be491,Informe Médico Forense,"Redacta una redacción que sea lo más resumida posible de cada apartado que haya en cada informe con la fecha de creación de este informe, poniendo siempre al principio de dicho resumen la siguiente frase “Informe de fecha”, seguido del lugar de asistencia médica o el lugar donde se creó el informe, el servicio médico donde se atiende al paciente y terminando estas indicaciones con dos puntos y seguidos. A continuación redacta un resumen muy sintetizado con los datos del informe, motivo de consulta, evolución y comentarios, diagnostico principal, tratamiento y otras recomendaciones (si no aparece alguno de estos datos no escribirlos). Relacionando los párrafos entre ellos y separándolos con puntos y seguidos (escribirlo con vocabulario y tecnicismo médico. No poner la edad del paciente o de la persona a la que se refiere el informe. Referirse al paciente o a la persona a la que se refiere el informe con la abreviatura Sr. o Sra. delante de su apellido si aparece). 
Escríbelo con el siguiente formato:
1. 17/04/2019 - Hospital Universitario Virgen Macarena (Sevilla): Consulta por sospecha de síndrome de apnea e hipopnea durante el sueño. Se recomienda pérdida de peso.
2. 23/04/2019 - SUAP de Brenes (Sevilla): Alta de urgencias por hernia de línea media. Se trató con analgesia y se recomendó acudir a urgencias del hospital.
Hazlo lo más escueto posible

","forense,valoración,limitaciones,secuelas,laboral"
5118d75d-b1fb-4c2d-8d31-7afc6848bb60,Informe Neurología ,"Redacta una redacción que sea lo más resumida posible de cada apartado que haya en cada informe con la fecha de creación de este informe, poniendo siempre al principio de dicho resumen la siguiente frase “Informe de fecha”, seguido del lugar de asistencia médica o el lugar donde se creó el informe, el servicio médico donde se atiende al paciente y terminando estas indicaciones con dos puntos y seguidos. A continuación redacta un resumen muy sintetizado con los datos del informe, antecedentes familiares y personales, motivo de consulta, evolución y comentarios, enfermedad actual, exploración, pruebas complementarias  diagnostico principal, tratamiento y plan de actuación u otras recomendaciones (si no aparece alguno de estos datos no escribirlos). Relacionando los párrafos entre ellos y separándolos con puntos y seguidos (escribirlo con vocabulario y tecnicismo médico. No poner la edad del paciente o de la persona a la que se refiere el informe. Referirse al paciente o a la persona a la que se refiere el informe con la abreviatura Sr. o Sra. delante de su apellido si aparece). 
Escríbelo con el siguiente formato:
1. 17/04/2019 - Hospital Universitario Virgen Macarena (Sevilla): 
2. 23/04/2019 - SUAP de Brenes (Sevilla): 
Hazlo lo más escueto posible
","Informe,consulta,revisión,patología,evolución"
6043c3d2-64d8-4738-b95f-34bb90589f76,Solicitud de Consulta de Asistencia Especializada,"Haz una redacción, sin apartados, poniendo siempre al principio de dicho resumen la siguiente frase “Informe de fecha” seguido de la fecha del informe, el motivo de derivación, los datos de la cita solicitada y el informe de derivación sin escribir los problemas clínicos del usuario (sin el CIE9) pero si resumiendo al máximo la redacción que viene a continuación del informe, sin alergias y contra indicaciones, sin traslado en ambulancia y sin mediación activa del usuario. 
Ponerlo con puntos aparte y en orden cronológico
","Solicitud,consulta,especialista,especialidad"
cd1b8829-15eb-4a2c-bc5d-d6db9cbd561b,Resolución INSS,"Resumen lo más sintetizado que se pueda con la fecha de creación de este informe, poniendo siempre al principio de dicho resumen la siguiente frase “Informe de fecha”, seguido del lugar de asistencia médica o el lugar donde se creó el informe, el servicio médico donde se atiende al paciente y terminando estas indicaciones con dos puntos y seguidos. A continuación redacta un resumen muy sintetizado con el cuadro clínico residual, las limitaciones orgánicas y funcionales y las conclusiones, relacionando los párrafos entre ellos y separándolos con puntos y seguidos (escribirlo con vocabulario y tecnicismo médico. No poner la edad del paciente o de la persona a la que se refiere el informe. Referirse al paciente o a la persona a la que se refiere el informe con la abreviatura Sr. o Sra. delante de su apellido si aparece).
","INSS,resolución,limitaciones,secuelas,laboral"
19eb22da-a416-4909-936b-bc61e8ebc3ab,Informe Pericial: Consideraciones Médico-Legales,"Haz una redacción con forma de redacción jurídica de estilo expositivo sin apartados y con párrafos bien estructurado, completo y profesional, todo lo extenso, completo, profesional y detallado que se pueda, describiendo claramente el historial médico del paciente y explicando científica y medicamente de manera exhaustiva su patología y todos los términos médicos que aparezcan, su condición actual y el impacto de sus problemas de salud en su vida y capacidad laboral. Que sea lo más extensa y detallada posible, describiendo todos los detalles médicos, de tratamiento o de afectación o limitación física provocado  por las patologías que aparecen, explicando las consecuencias presentes y posibles complicaciones futuras de sus patologías en el trabajo y describiendo ejemplos de tareas que no pueda realizar, con un hilo temporal lógico y cronológico de fechas más antiguas a más recientes y relacionando los párrafos entre ellos con tecnicismos médicos. Describe los tratamientos que ha ido haciendo con sus posibles efectos adversos que pueden tener. E incluye argumentos justificativos de la literatura médica como estudios científicos (escritos entre paréntesis directamente con la referencia del articulo o literatura sin número y seguida del hecho al que se refiera) para darle una incapacidad laboral, diciendo las conclusiones de eso estudios (buscar en documentación médica como Scielo o Pubmed), sin mencionar específicamente o afirmar categóricamente en el informe que tiene dicha incapacidad. Escribe ejemplos de cómo influyen sus síntomas en las actividades o funciones laborales del paciente para agregar credibilidad y profesionalismo al informe.


","consideraciones,explicaciones,medico,justificantes,incapacidad"
66d2d9a9-844e-4ac2-8809-b5847e5c746a,Informe Pericial: Antecedentes (Párrafo explicativo debajo de informes en los que se basa),"1.    Redáctalo con forma de redacción sin apartados con un hilo temporal lógico y relacionando los párrafos entre ellos con tecnicismos médicos y ordenando los datos según la patología y explicando científicamente la patología. Describe detalladamente los tratamientos que ha ido haciendo. E incluye argumentos justificativos para darle una incapacidad total / absoluta.

2.	Basándote en la estructura o formato de redacción anterior, redacta con los últimos informes adjuntados una redacción sin apartados extensa y detallada con un hilo temporal lógico y cronológico de fechas más antiguas a más recientes, sin escribir las fechas necesariamente al principio de los párrafos, y relacionando los párrafos entre ellos con tecnicismos médicos. Describe los tratamientos que ha ido haciendo. E incluye argumentos justificativos para darle una incapacidad laboral como elementos visuales y referencias a la literatura médica basándote en estudios científicos ya hechos con ejemplos de cómo influyen sus síntomas en las actividades o funciones laborales del paciente para agregar credibilidad y profesionalismo al informe.","Antecedentes,párrafo,explicativo,historial,médico"
28f353a0-f94b-48b1-beb8-1590f5896d84,Hoja de anamnesis,,"Hoja,anamnesis,consulta,especialista,valoración"
add14cb9-561e-4426-9507-b6ec5d4dbcb0,Historia de Salud Resumida ,"Resume al máximo que se pueda con la fecha de creación de este informe, poniendo siempre al principio de dicho resumen la siguiente frase “Informe de fecha”, seguido del lugar de asistencia médica o el lugar donde se creó el informe, el servicio médico donde se atiende al paciente y terminando estas indicaciones con dos puntos y seguidos. A continuación redacta un resumen muy sintetizado con los problemas actuales de salud, medicación e informes clínicos, relacionando los párrafos entre ellos y separándolos con puntos y seguidos (escribirlo remarcando los diferentes apartados, con vocabulario y tecnicismo médico. No poner la edad del paciente o de la persona a la que se refiere el informe. Referirse al paciente o a la persona a la que se refiere el informe con la abreviatura Sr. o Sra. delante de su apellido si aparece).
","Historia,salud,informes,clínica,patologías"
5482eabc-083a-41dd-af53-b580486175b6,Informe Pericial: Antecedentes (Informes en los que se basa),"Diferenciando y separando cada informe redacta una redacción que sea lo más resumida posible de cada apartado que haya en cada informe sin puntos y aparte ni viñetas, con la fecha de creación de este informe, poniendo siempre al principio de dicho resumen la siguiente frase “Informe de fecha”, seguido del lugar de asistencia médica o el lugar donde se creó el informe, el servicio médico donde se atiende al paciente. Ponerlo con puntos aparte  y en orden cronológico de fechas de más antiguas a más recientes.  Escríbelo con el siguiente formato:
1. Fecha del informe - Lugar de asistencia médica o el lugar donde se creó el informe (Ciudad): 

","Antecedentes, historial médico"
